#######################################################
#######################################################
#######################################################
##############       INSERT DATA     ##################
#######################################################
#######################################################
#######################################################


DELETE FROM SkillHistory;
DELETE FROM ReviewRecord;
DELETE FROM SkillTag;
DELETE FROM SuccessRecord;
DELETE FROM SkillCollection;
DELETE FROM OrderWithCreateTime;
DELETE FROM Manager;
DELETE FROM Skill;
DELETE FROM SkillOrder;
DELETE FROM Comment;
DELETE FROM Tag;
DELETE FROM User;
DELETE FROM Temp;





insert into User values
    (18463101691,'俞霄翔','hit.lacus'           ,null,'123456','学生','上海'      ,'一路向北,我们的声音.',3.0),
    (18463100000,'刘晓东','岁月寒风吹彻 '       ,null,'123456','学生','北京'      ,'一路向北,我们的声音.',3.0),
    (18463101111,'王宏宇','心飞扬'              ,null,'123456','白领','台湾'      ,'一路向北,我们的声音.',3.0),
    (18463102222,'修玉同','Soulghost'           ,null,'123456','白领','圣地亚哥'  ,'一路向北,我们的声音.',3.0),
    (18463103333,'田光前','说了爱你 是真的爱你' ,null,'123456','学生','巴黎'      ,'一路向北,我们的声音.',3.0),
    (18463104444,'朱胜强','boolean'             ,null,'123456','学生','密西西比'  ,'一路向北,我们的声音.',3.0),
    (18463105555,'章鱼哥','zhangyugege'         ,null,'123456','自由工作者','香港','一路向北,我们的声音.',3.0);


insert into Manager values
    ('李奔','123456','1234567890x',null,1);

insert into Tag values
    ('最新','1234567890x',null),
    ('游戏','1234567890x',null),
    ('出国','1234567890x',null),
    ('摄影','1234567890x',null),
    ('运动','1234567890x',null),
    ('设计','1234567890x',null),
    ('其他','1234567890x',null),
    ('旅游','1234567890x',null),
    ('音乐','1234567890x',null),
    ('学习','1234567890x',null);

insert into Skill values
    (1,'刘公岛一日游'   ,'学姐带你游刘公岛'              ,18463101111,null,3.0,100.00 ,'QQ:732575373',0,0,0), 
    (2,'小提琴终极之道' ,'八级小提琴专业指导'            ,18463101111,null,3.0,1310.00,'QQ:732575373',0,0,0),
    (3,'HTML+CSS+JS'    ,'前台大神带你飞,玩转HTML小游戏' ,18463105555,null,3.0,10.00  ,'QQ:732575373',0,0,0),
    (4,'韩语教学'       ,'学长啥都会,韩语小菜一碟'       ,18463102222,null,3.0,840.00 ,'QQ:732575373',0,0,0),
    (null,'天安门一日游'   ,'********************'       ,18463101111,null,3.0,100.00 ,'QQ:732575373',0,0,0), 
    (null,'钢琴终极之道'   ,'********************'       ,18463101111,null,3.0,1310.00,'QQ:732575373',0,0,0),
    (null,'Python+Django'  ,'********************'       ,18463105555,null,3.0,10.00  ,'QQ:732575373',0,0,0),
    (null,'法语教学'       ,'********************'       ,18463102222,null,3.0,840.00 ,'QQ:732575373',0,0,0),
    (null,'泰山一日游'     ,'********************'       ,18463101111,null,3.0,100.00 ,'QQ:732575373',0,0,0), 
    (null,'二胡终极之道'   ,'********************'       ,18463101111,null,3.0,1310.00,'QQ:732575373',0,0,0),
    (null,'JavaSE+JavaEE'  ,'********************'       ,18463105555,null,3.0,10.00  ,'QQ:732575373',0,0,0),
    (null,'日语教学'       ,'********************'       ,18463102222,null,3.0,840.00 ,'QQ:732575373',0,0,0),
    (null,'长城一日游'     ,'********************'       ,18463101111,null,3.0,100.00 ,'QQ:732575373',0,0,0), 
    (null,'古筝终极之道'   ,'********************'       ,18463101111,null,3.0,1310.00,'QQ:732575373',0,0,0),
    (null,'Coffeescript'   ,'********************'       ,18463105555,null,3.0,10.00  ,'QQ:732575373',0,0,0),
    (null,'德语教学'       ,'********************'       ,18463102222,null,3.0,840.00 ,'QQ:732575373',0,0,0);

insert into ReviewRecord values 
    (null,1,'1234567890x' ,null ,true  ,'无'),
    (null,2,'1234567890x' ,null ,true  ,'无'),
    (null,3,'1234567890x' ,null ,true  ,'无'),
    (null,4,'1234567890x' ,null ,false ,'信息不完整');
    
insert into SkillTag values
    (1,'旅游'),
    (2,'音乐'),
    (3,'学习'),
    (4,'学习');


insert into SkillOrder values
    (null,18463101691,18463101111,2,0,'QQ:732575373'         ,'从小就先学习音乐,期待学姐ing...',120.20,null,null,null),
    (null,18463100000,18463101111,2,0,'Cellphone:18463100000','再给我两份葱,让我把机翼煎成饼(歌词)',483.60,null,null,null),
    (null,18463102222,18463101111,2,0,'Email:nimei@163.com'  ,'周末有时间,其余时间有课',624.50,null,null,null);


insert into SuccessRecord values
    (null,18463101111,18463101691,2,2456.00),
    (null,18463101111,18463100000,2,456.20),
    (null,18463101111,18463102222,2,1536.20);


insert into Comment values
    (null,18463101691,2,'流弊~'             ,null,4.00),
    (null,18463100000,2,'技艺精湛'          ,null,4.00),
    (null,18463104444,2,'萌萌哒'            ,null,5.00),
    (null,18463103333,2,'我好困~'           ,null,2.00),
    (null,18463102222,2,'学姐才貌双全,666~' ,null,3.00);

insert into SkillCollection values
    (1,18463101691,null),
    (2,18463101691,null),
    (3,18463101691,null);
