DELETE FROM SkillHistory;
DELETE FROM ReviewRecord;
DELETE FROM SkillTag;
DELETE FROM SuccessRecord;
DELETE FROM SkillCollection;
DELETE FROM OrderWithCreateTime;
DELETE FROM Manager;
DELETE FROM Skill;
DELETE FROM SkillOrder;
DELETE FROM Comment;
DELETE FROM Tag;
DELETE FROM User;
DELETE FROM Temp;





insert into User values
    (18463101691,true ,'俞霄翔','hit.lacus'           ,NULL,'123456','学生','上海'      ,'一路向北,我们的声音.',3.0),
    (18463100000,true ,'刘晓东','岁月寒风吹彻 '       ,NULL,'123456','学生','北京'      ,'一路向北,我们的声音.',3.0),
    (18463101111,false,'王宏宇','心飞扬'              ,NULL,'123456','白领','台湾'      ,'一路向北,我们的声音.',3.0),
    (18463102222,true ,'修玉同','Soulghost'           ,NULL,'123456','白领','圣地亚哥'  ,'一路向北,我们的声音.',3.0),
    (18463103333,true ,'田光前','说了爱你 是真的爱你' ,NULL,'123456','学生','巴黎'      ,'一路向北,我们的声音.',3.0),
    (18463104444,true ,'朱胜强','boolean'             ,NULL,'123456','学生','密西西比'  ,'一路向北,我们的声音.',3.0),
    (18463105555,false,'章鱼哥','zhangyugege'         ,NULL,'123456','自由工作者','香港','一路向北,我们的声音.',3.0);


insert into Manager values
    ('李奔','123456','1234567890x',NULL,1);

insert into Tag values
    ('最新','1234567890x',NULL),
    ('游戏','1234567890x',NULL),
    ('出国','1234567890x',NULL),
    ('摄影','1234567890x',NULL),
    ('运动','1234567890x',NULL),
    ('设计','1234567890x',NULL),
    ('其他','1234567890x',NULL),
    ('旅游','1234567890x',NULL),
    ('音乐','1234567890x',NULL),
    ('学习','1234567890x',NULL);

insert into Skill values
    (1,'刘公岛一日游'   ,'学姐带你游刘公岛'              ,18463101111,NULL,3.0,100.00 ,'QQ:732575373',0,0,0), 
    (2,'小提琴终极之道' ,'八级小提琴专业指导'            ,18463101111,NULL,3.0,1310.00,'QQ:732575373',0,0,0),
    (3,'HTML+CSS+JS'    ,'前台大神带你飞,玩转HTML小游戏' ,18463105555,NULL,3.0,10.00  ,'QQ:732575373',0,0,0),
    (4,'韩语教学'       ,'学长啥都会,韩语小菜一碟'       ,18463102222,NULL,3.0,840.00 ,'QQ:732575373',0,0,0),
    (NULL,'天安门一日游'   ,'********************'       ,18463101111,NULL,3.0,100.00 ,'QQ:732575373',0,0,0), 
    (NULL,'钢琴终极之道'   ,'********************'       ,18463101111,NULL,3.0,1310.00,'QQ:732575373',0,0,0),
    (NULL,'Python+Django'  ,'********************'       ,18463105555,NULL,3.0,10.00  ,'QQ:732575373',0,0,0),
    (NULL,'法语教学'       ,'********************'       ,18463102222,NULL,3.0,840.00 ,'QQ:732575373',0,0,0),
    (NULL,'泰山一日游'     ,'********************'       ,18463101111,NULL,3.0,100.00 ,'QQ:732575373',0,0,0), 
    (NULL,'二胡终极之道'   ,'********************'       ,18463101111,NULL,3.0,1310.00,'QQ:732575373',0,0,0),
    (NULL,'JavaSE+JavaEE'  ,'********************'       ,18463105555,NULL,3.0,10.00  ,'QQ:732575373',0,0,0),
    (NULL,'日语教学'       ,'********************'       ,18463102222,NULL,3.0,840.00 ,'QQ:732575373',0,0,0),
    (NULL,'长城一日游'     ,'********************'       ,18463101111,NULL,3.0,100.00 ,'QQ:732575373',0,0,0), 
    (NULL,'古筝终极之道'   ,'********************'       ,18463101111,NULL,3.0,1310.00,'QQ:732575373',0,0,0),
    (NULL,'Coffeescript'   ,'********************'       ,18463105555,NULL,3.0,10.00  ,'QQ:732575373',0,0,0),
    (NULL,'德语教学'       ,'********************'       ,18463102222,NULL,3.0,840.00 ,'QQ:732575373',0,0,0);

insert into ReviewRecord values 
    (NULL,1,'1234567890x' ,NULL ,true  ,'无'),
    (NULL,2,'1234567890x' ,NULL ,true  ,'无'),
    (NULL,3,'1234567890x' ,NULL ,true  ,'无'),
    (NULL,4,'1234567890x' ,NULL ,false ,'信息不完整');
    
insert into SkillTag values
    (1,'旅游'),
    (2,'音乐'),
    (3,'学习'),
    (4,'学习');


insert into SkillOrder values
    (NULL,18463101691,18463101111,2,0,'QQ:732575373'         ,'从小就先学习音乐,期待学姐ing...',120.20,NULL,NULL,NULL),
    (NULL,18463100000,18463101111,2,0,'Cellphone:18463100000','再给我两份葱,让我把机翼煎成饼(歌词)',483.60,NULL,NULL,NULL),
    (NULL,18463102222,18463101111,2,0,'Email:nimei@163.com'  ,'周末有时间,其余时间有课',624.50,NULL,NULL,NULL);


insert into SuccessRecord values
    (NULL,18463101111,18463101691,2,2456.00),
    (NULL,18463101111,18463100000,2,456.20),
    (NULL,18463101111,18463102222,2,1536.20);


insert into Comment values
    (NULL,18463101691,2,'流弊~'             ,NULL,4.00),
    (NULL,18463100000,2,'技艺精湛'          ,NULL,4.00),
    (NULL,18463104444,2,'萌萌哒'            ,NULL,5.00),
    (NULL,18463103333,2,'我好困~'           ,NULL,2.00),
    (NULL,18463102222,2,'学姐才貌双全,666~' ,NULL,3.00);

insert into SkillCollection values
    (1,18463101691,NULL),
    (2,18463101691,NULL),
    (3,18463101691,NULL);
